[{
    "id": 1,
    "pic": "./img/1.jpg",
    "author": "泰勒·斯威夫特",
    "desc":"所谓伊人，在水一方！",
    "height": "314"
},
{
    "id": 2,
    "pic": "./img/5.jpg",
    "author": "泰勒·斯威夫特",
    "desc":"所谓伊人，在水一方！",
    "height": "420"
},
{
    "id": 3,
    "pic": "./img/7.jpg",
    "author": "泰勒·斯威夫特",
    "desc":"所谓伊人，在水一方！",
    "height": "136"
},
{
    "id": 4,
    "pic": "./img/4.jpg",
    "author": "泰勒·斯威夫特",
    "desc":"所谓伊人，在水一方！",
    "height": "354"
},
{
    "id": 5,
    "pic": "./img/2.jpg",
    "author": "泰勒·斯威夫特",
    "desc":"所谓伊人，在水一方！",
    "height": "342"
},
{
    "id": 6,
    "pic": "./img/6.jpg",
    "author": "泰勒·斯威夫特",
    "desc":"所谓伊人，在水一方！",
    "height": "354"
},
{
    "id": 7,
    "pic": "./img/8.jpg",
    "author": "泰勒·斯威夫特",
    "desc":"所谓伊人，在水一方！",
    "height": "197"
},
{
    "id": 9,
    "pic": "./img/3.jpg",
    "author": "泰勒·斯威夫特",
    "desc":"所谓伊人，在水一方！",
    "height": "354"
},
{
    "id": 10,
    "pic": "./img/4.jpg",
    "author": "泰勒·斯威夫特",
    "desc":"所谓伊人，在水一方！",
    "height": "354"
},
{
    "id": 11,
    "pic": "./img/6.jpg",
    "author": "泰勒·斯威夫特",
    "desc":"所谓伊人，在水一方！",
    "height": "354"
}]